,entities,images
0,m.026_q27,1071649_FaceId-0.jpg
1,m.026_q27,1071633_FaceId-0.jpg
2,m.026_q27,1071691_FaceId-0.jpg
3,m.026_q27,1071634_FaceId-0.jpg
4,m.026_q27,1071628_FaceId-0.jpg
5,m.026_q27,1071669_FaceId-0.jpg
6,m.026_q27,1071698_FaceId-0.jpg
7,m.026_q27,1071657_FaceId-0.jpg
8,m.026_q27,1071713_FaceId-0.jpg
9,m.026_q27,1071630_FaceId-0.jpg
10,m.026_q27,1071676_FaceId-0.jpg
11,m.026_q27,1071697_FaceId-0.jpg
12,m.026_q27,1071719_FaceId-0.jpg
13,m.026_q27,1071639_FaceId-0.jpg
14,m.026_q27,1071715_FaceId-0.jpg
15,m.026_q27,1071660_FaceId-0.jpg
16,m.026_q27,1071631_FaceId-0.jpg
17,m.026_q27,1071692_FaceId-0.jpg
18,m.026_q27,1071646_FaceId-0.jpg
19,m.026_q27,1071640_FaceId-0.jpg
20,m.0410vn2,3138523_FaceId-0.jpg
21,m.0410vn2,3138473_FaceId-0.jpg
22,m.0410vn2,3138483_FaceId-0.jpg
23,m.0410vn2,3138500_FaceId-0.jpg
24,m.0410vn2,3138553_FaceId-2.jpg
25,m.0410vn2,3138476_FaceId-0.jpg
26,m.0410vn2,3138467_FaceId-0.jpg
27,m.0410vn2,3138565_FaceId-3.jpg
28,m.0410vn2,3138514_FaceId-0.jpg
29,m.0410vn2,3138478_FaceId-0.jpg
30,m.0410vn2,3138529_FaceId-0.jpg
31,m.0410vn2,3138520_FaceId-0.jpg
32,m.0410vn2,3138575_FaceId-1.jpg
33,m.0410vn2,3138567_FaceId-0.jpg
34,m.0410vn2,3138563_FaceId-1.jpg
35,m.0410vn2,3138490_FaceId-0.jpg
36,m.0410vn2,3138519_FaceId-0.jpg
37,m.0410vn2,3138466_FaceId-0.jpg
38,m.0410vn2,3138475_FaceId-0.jpg
39,m.0410vn2,3138491_FaceId-1.jpg
40,m.01dv9k,222967_FaceId-0.jpg
41,m.01dv9k,222894_FaceId-0.jpg
42,m.01dv9k,222906_FaceId-0.jpg
43,m.01dv9k,222928_FaceId-2.jpg
44,m.01dv9k,222963_FaceId-0.jpg
45,m.01dv9k,222953_FaceId-0.jpg
46,m.01dv9k,222943_FaceId-0.jpg
47,m.01dv9k,222918_FaceId-0.jpg
48,m.01dv9k,222962_FaceId-0.jpg
49,m.01dv9k,222946_FaceId-0.jpg
50,m.01dv9k,222965_FaceId-1.jpg
51,m.01dv9k,222944_FaceId-1.jpg
52,m.01dv9k,222908_FaceId-0.jpg
53,m.01dv9k,222956_FaceId-0.jpg
54,m.01dv9k,222912_FaceId-0.jpg
55,m.01dv9k,222899_FaceId-0.jpg
56,m.01dv9k,222915_FaceId-0.jpg
57,m.01dv9k,222931_FaceId-0.jpg
58,m.01dv9k,222922_FaceId-0.jpg
59,m.01dv9k,222898_FaceId-0.jpg
60,m.0bwftn3,6538979_FaceId-0.jpg
61,m.0bwftn3,6539023_FaceId-0.jpg
62,m.0bwftn3,6539009_FaceId-0.jpg
63,m.0bwftn3,6539019_FaceId-0.jpg
64,m.0bwftn3,6538999_FaceId-0.jpg
65,m.0bwftn3,6539010_FaceId-0.jpg
66,m.0bwftn3,6538985_FaceId-0.jpg
67,m.0bwftn3,6538995_FaceId-0.jpg
68,m.0bwftn3,6539000_FaceId-0.jpg
69,m.0bwftn3,6539017_FaceId-0.jpg
70,m.0bwftn3,6539005_FaceId-0.jpg
71,m.0bwftn3,6538978_FaceId-0.jpg
72,m.0bwftn3,6539021_FaceId-0.jpg
73,m.0bwftn3,6539028_FaceId-0.jpg
74,m.0bwftn3,6539022_FaceId-0.jpg
75,m.0bwftn3,6539001_FaceId-0.jpg
76,m.0bwftn3,6539020_FaceId-0.jpg
77,m.0bwftn3,6538972_FaceId-0.jpg
78,m.0bwftn3,6538996_FaceId-0.jpg
79,m.0bwftn3,6538997_FaceId-0.jpg
